name;category;image;rating;no_of_ratings;actual_price;discount_price
2.5mm Male to 3.5mm Female / 3.5mm Female to 2.5mm Male Stereo Audio Adapter Headset Converter Connector for Smartphones, ...;tv, audio & cameras;https://m.media-amazon.com/images/I/313lQ2EwxsL._AC_UL320_.jpg;3.4;407;4.38;2.74
Action Pro Helmet 3M Chin Mount Strap Compatible with All Smartphones GoPro Hero 11 10 9 8 7 6 5 4 SJCAM DJI Osmo and All ...;tv, audio & cameras;https://m.media-amazon.com/images/I/71cTCkvmtCL._AC_UL320_.jpg;3.8;4690;5.49;2.74
Action Pro™ Helmet Chin Mount Strap Compatible with All Smartphones GoPro Hero 11 10 9 8 7 6 5 4 SJCAM DJI Osmo and All Ac...;tv, audio & cameras;https://m.media-amazon.com/images/I/71Q90KypfFL._AC_UL320_.jpg;3.8;4690;8.79;3.69
Action Pro™ Helmet Chin Mount Strap Compatible with All Smartphones GoPro Hero 11 10 9 8 7 6 5 4 SJCAM DJI Osmo and All Ac...;tv, audio & cameras;https://m.media-amazon.com/images/I/71Pf2OjUDmL._AC_UL320_.jpg;3.8;4690;8.79;3.69
Action Pro™ Helmet Chin Mount Strap Compatible with All Smartphones GoPro Hero 11 10 9 8 7 6 5 4 SJCAM DJI Osmo and All Ac...;tv, audio & cameras;https://m.media-amazon.com/images/I/71BHf-AJFMS._AC_UL320_.jpg;3.8;4690;8.79;3.69
Action Pro™ Helmet Chin Mount Strap Set Compatible with All Smartphones GoPro Hero 11 10 9 8 7 6 5 4 SJCAM DJI Osmo and Al...;tv, audio & cameras;https://m.media-amazon.com/images/I/71gdDwiAcaL._AC_UL320_.jpg;3.8;4690;7.69;3.69
AGARO 3.1 A Dual Port Lightning, USB Smart Car Charger for All Smartphones & Tablets- Black;tv, audio & cameras;https://m.media-amazon.com/images/I/71Nq-BW+heL._AC_UL320_.jpg;3.7;65;5.45;1.38
AGARO 5.4 A USB Dual Port Quick Car Charger (Qualcomm Certified) for All Smartphones & Tablets - Grey;tv, audio & cameras;https://m.media-amazon.com/images/I/71d1dMgHSjL._AC_UL320_.jpg;3.7;143;9.85;2.20
Amazon Basics Double Braided Nylon USB Type-C to Type-C 2.0 Cable Smartphone (Dark Grey, 3 feet);tv, audio & cameras;https://m.media-amazon.com/images/I/61okK40PLGL._AC_UL320_.jpg;4.3;5569;0.13;5.60
Amazon Basics Mfi Certified Usb-C To Lightning Cable Cord For Smartphone (1-Ft, White);tv, audio & cameras;https://m.media-amazon.com/images/I/51OmyNuU1YL._AC_UL320_.jpg;4.0;1298;0.15;6.26
Amazon Basics Micro Usb Fast Charging Cable For Android Smartphone,Personal Computer,Printer With Gold Plated Connectors (...;tv, audio & cameras;https://m.media-amazon.com/images/I/61d84Q0UPtL._AC_UL320_.jpg;4.2;94863;4.35;2.63
Amazon Basics Mini Car Charger with Dual Output, Fast Charging (Type C 20W + Type A 3.0A) Compatible with All Smartphones(...;tv, audio & cameras;https://m.media-amazon.com/images/I/61nz3rtw+SL._AC_UL320_.jpg;4.2;4145;7.69;6.26
Amazon Basics USB Type-C to Micro-B 2.0 Cable for Tablet, Personal Computer, Laptop, Smartphone (0.9 Meters, White);tv, audio & cameras;https://m.media-amazon.com/images/I/51+DZPorBML._AC_UL320_.jpg;4.1;15317;0.01;6.59
Amazon Brand - Solimo 3A Fast Charging Tough Type C USB Data Cable for Smartphone - 1 Meter, White;tv, audio & cameras;https://m.media-amazon.com/images/I/61uP1frz62L._AC_UL320_.jpg;3.6;89;3.29;0.76
AmazonBasics 3.5mm to 2-Male RCA Adapter Cable For Tablet, Smartphone (Black, 15 feet);tv, audio & cameras;https://m.media-amazon.com/images/I/61+22wOG4yL._AC_UL320_.jpg;4.4;71432;0.13;5.38
AmazonBasics 3A Fast Charging L Shaped Braided USB A to USB Type C Data cable for Smartphone (Black/White -1.2 Meter);tv, audio & cameras;https://m.media-amazon.com/images/I/61CudIXMhPL._AC_UL320_.jpg;4.3;21064;6.59;3.29
AmazonBasics Braided 3A USB A to USB Type C Fast Charging Data Cable for Smartphone (Black/White -1.2 Meter);tv, audio & cameras;https://m.media-amazon.com/images/I/71AXCzkLjYL._AC_UL320_.jpg;4.3;21064;6.59;3.84
AmazonBasics Double Braided Nylon USB Type-C to Type-C 2.0 Cable, Charging Adapter, Smartphone 6 feet, Dark Grey;tv, audio & cameras;https://m.media-amazon.com/images/I/61k4h0Pe88L._AC_UL320_.jpg;4.3;5569;0.18;6.81
AmazonBasics Male to Male Stereo Audio Aux Cable with Gold Plated Connectors for Tablet, Smartphone (8 Feet);tv, audio & cameras;https://m.media-amazon.com/images/I/61DypRgcQyL._AC_UL320_.jpg;4.4;17116;9.85;4.17
AmazonBasics Male to Male Stereo Audio Aux Cable with Gold Plated Connectors Tablet, Smartphone 4 Feet;tv, audio & cameras;https://m.media-amazon.com/images/I/61+pbMjCqWL._AC_UL320_.jpg;4.2;35213;0.01;3.29
Amazonbasics Micro USB Fast Charging Cable for Smartphone (3 Feet, Silver);tv, audio & cameras;https://m.media-amazon.com/images/I/51JnC+0Xh1L._AC_UL320_.jpg;4.2;28002;9.90;2.19
Amazonbasics Nylon Braided Usb-C To Lightning Cable, Fast Charging Mfi Certified Smartphone, Iphone Charger (3-Foot, Dark ...;tv, audio & cameras;https://m.media-amazon.com/images/I/51ahmyURCtL._AC_UL320_.jpg;4.3;14140;0.19;10.99
AmazonBasics RJ45 Cat-6 Ethernet Patch/LAN Cable for Smartphone, Router, Printer - 25Feet (7.6Meters)-Black;tv, audio & cameras;https://m.media-amazon.com/images/I/61Nj6nHbCvL._AC_UL320_.jpg;4.5;13646;0.14;3.84
AmazonBasics USB A to Lightning PVC Molded Nylon MFi Certified Charging Cable for Tablet, Personal Computer, Smartphone (B...;tv, audio & cameras;https://m.media-amazon.com/images/I/71b+bVbPTaL._AC_UL320_.jpg;4.2;34723;21.99;6.70
AmazonBasics USB C to Lightning TPE MFi Certified Charging Cable for Smartphone (Black, 1.2 meter);tv, audio & cameras;https://m.media-amazon.com/images/I/61oaR5tj7zL._AC_UL320_.jpg;4.1;8890;21.99;10.44
AmazonBasics USB Type-C to USB Type-C 2.0 Fast Charging Cable for Smartphone, Laptop - 6 Feet (1.8 Meters), White;tv, audio & cameras;https://m.media-amazon.com/images/I/61c0UMl3MPL._AC_UL320_.jpg;4.2;9452;10.99;5.49
Ambrane 27000mAh Li-Polymer Powerbank with Type C and USB Ports | Fast Charging for Smartphones, Smart Watches, Neckbands...;tv, audio & cameras;https://m.media-amazon.com/images/I/61nuUVNkecL._AC_UL320_.jpg;4.2;5266;38.49;25.29
Ambrane Unbreakable 60W / 3A Fast Charging 1.5m Braided Micro USB Cable for Smartphones, Tablets, Laptops & Other Micro US...;tv, audio & cameras;https://m.media-amazon.com/images/I/61AHm209BtL._AC_UL320_.jpg;4.0;45984;3.29;2.19
Ambrane Unbreakable 60W / 3A Fast Charging 1.5m Braided Type C Cable for Smartphones, Tablets, Laptops & other Type C devi...;tv, audio & cameras;https://m.media-amazon.com/images/I/61ZeHF2Cf4L._AC_UL320_.jpg;4.0;45984;3.29;2.19
Ambrane Unbreakable 60W / 3A Fast Charging 1.5m Braided Type C to Type C Cable for Smartphones, Tablets, Laptops & Other T...;tv, audio & cameras;https://m.media-amazon.com/images/I/61oLp+pYPxL._AC_UL320_.jpg;4.0;45984;3.29;2.19
Amkette Evo Gamepad Pro 4 for Android | Instant Play | Bluetooth 4.0 | Extendable Smartphone Clamp | Works with COD, Mobil...;tv, audio & cameras;https://m.media-amazon.com/images/I/71Tg6JAz7SL._AC_UL320_.jpg;3.4;75;28.59;21.33
Axxeum Silicon Lightning USB Data Charging Cable Protector and Saver for Both Ends for All Android and iPhone Smartphones...;tv, audio & cameras;https://m.media-amazon.com/images/I/41xLZBXjg-L._AC_UL320_.jpg;3.9;2646;3.30;0.76
Belkin Smartphone Apple Certified Lightning To Type C Cable, Fast Charging For Iphone, Ipad, Air Pods, 3.3 Feet (1 Meters)...;tv, audio & cameras;https://m.media-amazon.com/images/I/31MZNcvK3WL._AC_UL320_.jpg;4.4;4432;27.49;10.99
boAt A 350 Type C Cable for Smartphone, Charging Adapter (1.5m, Carbon Black);tv, audio & cameras;https://m.media-amazon.com/images/I/61ZN6k8pnoL._AC_UL320_.jpg;4.3;29153;8.79;3.29
boAt AUX 500 Indestructible 3.5mm Male to Male Metallic Aux Audio Cable with Gold Plated Connectors for Smartphone, 1.5 Me...;tv, audio & cameras;https://m.media-amazon.com/images/I/61u3cExvfXL._AC_UL320_.jpg;4.3;33299;6.59;3.29
boAt AUX 500 Indestructible Male to Male Metallic Aux Audio Cable with Gold Plated connectors for Smartphone, 1.5 Meter (5...;tv, audio & cameras;https://m.media-amazon.com/images/I/6175NboodZL._AC_UL320_.jpg;4.3;33299;6.59;3.84
boAt Laptop, Smartphone Type-c A400 Male Data Cable (Carbon Black);tv, audio & cameras;https://m.media-amazon.com/images/I/61DMW4mrhDL._AC_UL320_.jpg;4.3;21136;10.99;3.84
Boya by-MM1 Super-Cardioid Shotgun Microphone with Real Time Monitoring Compatible with iPhone/Android Smartphones, DSLR C...;tv, audio & cameras;https://m.media-amazon.com/images/I/51T6FEDoEvL._AC_UL320_.jpg;3.9;4320;6.59;17.46
Callmate 20000mAh Power Bank, 15W Fast Charging| Buit-in Cables | 4 Output Ports and 3 Input | for iPhone, Smartphones & O...;tv, audio & cameras;https://m.media-amazon.com/images/I/51Cc-s5G-KL._AC_UL320_.jpg;3.5;240;27.49;14.84
CLAVIER Pulse in-Ear Headphones/Earphones with Stereo Mic for All Smartphones with Carrying Case (Black);tv, audio & cameras;https://m.media-amazon.com/images/I/51Z44XviWsL._AC_UL320_.jpg;5.0;1;3.29;1.64
CLAVIER Super Bass in-Ear Earphones with Mic for All Smartphones with Rich Bass & Noise Cancellation (Black);tv, audio & cameras;https://m.media-amazon.com/images/I/510HE3OVaqL._AC_UL320_.jpg;4.0;9;6.59;1.64
CLAVIER Super Bass Type-C in-Ear Earphones with Stereo Mic for All Smartphones with Rich Bass & Noise Cancellation;tv, audio & cameras;https://m.media-amazon.com/images/I/31PmoQo3DrL._AC_UL320_.jpg;2.9;5;6.59;1.64
Crossvolt USB Type C Super Vooc Flash Charging Cable for All Type C Phones, Smartphone, Realme Devices;tv, audio & cameras;https://m.media-amazon.com/images/I/41SeZxl2NmL._AC_UL320_.jpg;4.0;159;10.99;3.29
D2Q Vivo Compatible Fast Charging USB Data Cable for Vivo Smartphones Supports High Speed Charging Upto 3.1A (White) (6 Mo...;tv, audio & cameras;https://m.media-amazon.com/images/I/31RQqJWnmpL._AC_UL320_.jpg;3.7;14;8.79;1.64
D2Q Wired Original Galaxy Earphones for All Samsung Smartphones with Mic | Pure Bass Sound | One Button Multi-Function Rem...;tv, audio & cameras;https://m.media-amazon.com/images/I/51fQJaiOO2L._AC_UL320_.jpg;4.2;103;9.89;3.29
D2Q Wired Original Galaxy In Ear Earphones for All Samsung Smartphones with Mic | Pure Bass Sound | One Button Multi-Funct...;tv, audio & cameras;https://m.media-amazon.com/images/I/41dTDVdkEcL._AC_UL320_.jpg;4.2;103;9.89;3.29
DAHSHA 3.5 mm Audio Stereo Y Splitter Adapter, 3.5mm 1 Male to 2 Port Female For Earphone, Adapter For Smartphone, Tablets...;tv, audio & cameras;https://m.media-amazon.com/images/I/61eugUe8VUL._AC_UL320_.jpg;3.8;2598;13.19;2.74
DigioCraft Proshot V2 Teleprompter for iPhone, Ipad, Smartphone, DSRL Camera with Remote Control | Software & Pro Video Re...;tv, audio & cameras;https://m.media-amazon.com/images/I/71LqgTLzDAL._AC_UL320_.jpg;4.2;155;153.99;62.70
Digitek (DTR 480LW) (57 Inch) Portable Lightweight Aluminum Tripod for DSLR Cameras & Smartphones with Operating Ht. 4.75 ...;tv, audio & cameras;https://m.media-amazon.com/images/I/61bcGr6GN6L._AC_UL320_.jpg;4.3;2337;19.75;10.99
Digitek Wireless Microphone System for DSLR, Camcorder, Smartphone & Tablet DWM 101;tv, audio & cameras;https://m.media-amazon.com/images/I/61H209ELWqL._AC_UL320_.jpg;3.6;220;76.95;50.59
DIGITEK® (DTR 455 LT) (51 Inch) Tripod for Smartphones & Cameras with Mobile Holder and Carry Bag, Max Operating Height - ...;tv, audio & cameras;https://m.media-amazon.com/images/I/61HWWzkHZHL._AC_UL320_.jpg;3.6;7321;10.99;7.69
DIGITEK® 3-Axis Handheld Gimbal Stabilizer for Smartphones & Gopro with Face & Object Tracking Motion, Various Time Lapse ...;tv, audio & cameras;https://m.media-amazon.com/images/I/71JlhAnmxAL._AC_UL320_.jpg;3.5;2350;120.95;65.99
DJI OM 4 SE - Handheld 3-Axis Smartphone Gimbal Stabilizer with Grip Tripod Vlog YouTube Live Video for iPhone Android, Gr...;tv, audio & cameras;https://m.media-amazon.com/images/I/61XzFY3sZRL._AC_UL320_.jpg;4.3;7257;10.99;98.44
DJI OM 5-Handheld 3-Axis Smartphone Gimbal Stabilizer with Grip Tripod, Built-in Extension Rod, Shot Guide for Vlogging, Y...;tv, audio & cameras;https://m.media-amazon.com/images/I/51bGCZWSRaL._AC_UL320_.jpg;4.2;3006;19.79;1.16
DJI OSMO Mobile 6 Smartphone Gimbal Stabilizer, 3-Axis Phone Gimbal, Built-In Extension Rod, Portable and Foldable, Androi...;tv, audio & cameras;https://m.media-amazon.com/images/I/51Q0I+lvW9L._AC_UL320_.jpg;4.2;3006;197.99;16.49
Dyazo 2.4 Amp 1 Meter Nylon Braided 3 In 1 Mobile Charging Usb Cable Compatible For All Smartphone, Iphones And Type C Dev...;tv, audio & cameras;https://m.media-amazon.com/images/I/71pvEdGb+CL._AC_UL320_.jpg;3.8;9;8.79;2.19
ELV Aluminium Adjustable Mobile Phone Foldable Holder Tabletop Stand Dock Mount for All Smartphones, Tabs, Kindle, iPad (M...;tv, audio & cameras;https://m.media-amazon.com/images/I/61+4v5nye5L._AC_UL320_.jpg;4.5;29730;16.49;3.45
ELV Aluminum Adjustable Mobile Phone Foldable Tabletop Stand Dock Mount for All Smartphones, Tabs, Kindle, iPad (Black);tv, audio & cameras;https://m.media-amazon.com/images/I/71ZU8hKb2XL._AC_UL320_.jpg;4.5;29730;16.49;2.96
Elv Car Mount Adjustable Car Phone Holder Air Vent Mobile Mount with Automatic Lock Release Cradle for Smartphones;tv, audio & cameras;https://m.media-amazon.com/images/I/71zQjAZFZJL._AC_UL320_.jpg;3.6;513;10.99;4.39
ELV Direct Wall Mount Mobile Holder, Charging Holder Compatible All Smartphone and Remote Stand/Organizer/Showpiece for Tv...;tv, audio & cameras;https://m.media-amazon.com/images/I/61r4hi-TOVL._AC_UL320_.jpg;4.1;443;5.49;1.64
Elv FPStyli-2Gen-JETBLKIN Fine Point 2nd Gen Stainless Steel Stylus Pen for Tablets, Smartphones, Amazon Kindle (Jet Black);tv, audio & cameras;https://m.media-amazon.com/images/I/616E5XqQSgL._AC_UL320_.jpg;3.9;16591;17.26;3.84
ELV Mini Aluminum Adjustable Mobile Phone Foldable Holder Stand Dock Mount for All Smartphones (Mini Black);tv, audio & cameras;https://m.media-amazon.com/images/I/61XYWyi1tXL._AC_UL320_.jpg;4.5;29730;7.69;2.19
Elv Wall Mount Mobile Holder, Mobile Stand for All Smartphones with Strong Adhesive Strips, Compatible with iPhone, Smartp...;tv, audio & cameras;https://m.media-amazon.com/images/I/71A5l152mjL._AC_UL320_.jpg;4.2;427;6.59;1.64
ELV Wall Mount Mobile Holder, Mobile Stand for All Smartphones with Strong Adhesive Strips, Compatible with iPhone, Smartp...;tv, audio & cameras;https://m.media-amazon.com/images/I/61XSvwaWrJS._AC_UL320_.jpg;4.3;232;3.29;0.98
ELV Wall Mount Mobile Holder, Mobile Stand for All Smartphones with Strong Adhesive Strips, Compatible with iPhone, Smartp...;tv, audio & cameras;https://m.media-amazon.com/images/I/61ILbD-6CBL._AC_UL320_.jpg;4.3;232;3.29;0.98
Everycom Tripod Phone Smartphone Mount Adapter Clip Holder Adjustable Bracket for Mini & Professional Tripod (Black);tv, audio & cameras;https://m.media-amazon.com/images/I/41rizoc3e0L._AC_UL320_.jpg;3.9;231;3.29;1.09
EYUVAA LABEL Universal Monopod Holder Clip for Mobile Camera & Tripod Mount Holder Adjustable Smartphone Clip Clipper Comp...;tv, audio & cameras;https://m.media-amazon.com/images/I/51UiKsJ8OAL._AC_UL320_.jpg;4.1;39;4.39;1.27
Fast Charger Compatible for Mi Xiaomi Redmi Mi 9/9A/9i/4/4A/5/5A/6A/6 Pro/7 | Smartphone Mobile | Wall | Travel | Adapter/...;tv, audio & cameras;https://m.media-amazon.com/images/I/61cHMSC3dkL._AC_UL320_.jpg;3.1;202;10.99;3.58
Fast Quick Type C Charger for Samsung Galaxy M32, M 32 Charger Original Mobile Charger Wall Charger, Android Smartphone Ch...;tv, audio & cameras;https://m.media-amazon.com/images/I/61Cgp-lNxTL._AC_UL320_.jpg;3.3;91;10.99;4.37
FLiX (Beetel USB to Type C PVC Data Sync & 2A Smartphone Fast Charging Cable, Made in India, 480Mbps Data Sync, Tough Cabl...;tv, audio & cameras;https://m.media-amazon.com/images/I/514i6w1GLxL._AC_UL320_.jpg;4.0;10079;2.74;1.64
Flix Micro Usb Cable For Smartphone (Black);tv, audio & cameras;https://m.media-amazon.com/images/I/513+fxWcSuL._AC_UL320_.jpg;4.0;10079;2.19;1.09
Frexcez 5V/4A USB Vooc Flash Power Adapter Cable Wall Charger for Oppo F11 Pro & All Oppo Smartphone -Cable;tv, audio & cameras;https://m.media-amazon.com/images/I/510eCkuo4WL._AC_UL320_.jpg;4.1;699;10.99;3.18
GEOCARTER Multi-Purpose Wall mount Mobile holder | Mobile Phone Charging Stand | Self Adhesive Universal Smartphone AC TV ...;tv, audio & cameras;https://m.media-amazon.com/images/I/51Yg0l8MMeL._AC_UL320_.jpg;4.3;78;5.49;3.69
GEOCARTER Multi-Purpose Wall Mount Mobile Holder Accessories Mobile Phone Charging Stand | Self Adhesive Smartphone AC TV ...;tv, audio & cameras;https://m.media-amazon.com/images/I/51cEvg-SF+L._AC_UL320_.jpg;4.3;78;5.49;3.84
Gizga Essentials 2-in-1 Professional Cleaning Kit (XL -170ML) for Camera, Lens, Binocular, Laptop, TV, Monitor,Smartphone,...;tv, audio & cameras;https://m.media-amazon.com/images/I/61ro5ave7mL._AC_UL320_.jpg;4.2;25215;6.59;3.84
GIZGA essentials â Portable 360 Rotating Tabletop Mobile Holder, Dock for Ipad, Smartphone, Kindle, E-Reader, Fully Folda...;tv, audio & cameras;https://m.media-amazon.com/images/I/51yYzYyt9pL._AC_UL320_.jpg;2.5;23;10.99;0.98
GIZGA Essentials Portable Tabletop Tablet Stand Mobile Holder, Desktop Stand, Cradle, Dock for iPad, Smartphone, Kindle, ...;tv, audio & cameras;https://m.media-amazon.com/images/I/61zODtv7sfL._AC_UL320_.jpg;4.1;26037;5.49;1.53
Gizga Essentials Professional 3-in-1 Cleaning Kit for Camera, Lens, Binocular, Laptop, TV, Monitor, Smartphone, Tablet (In...;tv, audio & cameras;https://m.media-amazon.com/images/I/81mP6za2sRL._AC_UL320_.jpg;4.2;25215;5.49;2.74
GIZGA essentials Webcam Cover, Privacy Protector Webcam Cover Slide, Compatible with Laptop, Desktop, PC, Smartphone, Prot...;tv, audio & cameras;https://m.media-amazon.com/images/I/61-kvFSTgCL._AC_UL320_.jpg;4.3;405;7.69;1.42
GIZGA essentials Webcam Cover, Privacy Protector Webcam Cover Slide, Compatible with Laptop, Desktop, PC, Smartphone, Prot...;tv, audio & cameras;https://m.media-amazon.com/images/I/51d2xM0hUuL._AC_UL320_.jpg;4.3;405;3.29;0.98
Hohem iSteady X - 3-Axis 259g Lightweight Smartphone Gimbal Foldable Handheld Pocket Stabilizer Youtuber Vlogger Live Vide...;tv, audio & cameras;https://m.media-amazon.com/images/I/71IqMCriYlL._AC_UL320_.jpg;3.9;2113;7.69;59.39
Homeboss 7 in 1 Screen Cleaner and Gadget Sanitizer Spray Kit for Smartphone, Labtop, Camera (Incl: 100ml Spray, Microfibr...;tv, audio & cameras;https://m.media-amazon.com/images/I/61UrEuz3KjL._AC_UL320_.jpg;4.0;504;6.57;1.93
Hoss® Type c Female to Micro USB Male Adapter, Converter USB C to Micro USB, Charger Connector Works with Smartphones,Tabl...;tv, audio & cameras;https://m.media-amazon.com/images/I/51m1aLvRHZL._AC_UL320_.jpg;4.2;3609;5.49;3.28
HUMBLE Dynamic Lapel Collar Mic Voice Recording Filter Microphone for Singing Youtube SmartPhones, Black;tv, audio & cameras;https://m.media-amazon.com/images/I/61UW-tMaoFL._AC_UL320_.jpg;3.3;3076;5.49;2.19
HUMBLE Universal Waterproof Smartphone Protective Pouch for Pool, Beach for All Smartphones-Random Color;tv, audio & cameras;https://m.media-amazon.com/images/I/51Z8Y5DY2SL._AC_UL320_.jpg;3.9;482;6.59;2.19
HUMBLE® 360-Degree Cell Phone Holder with Adjustable Clamp Phone Tripod Mount Adapter Compatible with Smartphones & All Ty...;tv, audio & cameras;https://m.media-amazon.com/images/I/617kOlwUNHL._AC_UL320_.jpg;4.3;4164;7.69;2.46
i8 Pro Max Touch Screen Bluetooth Smartwatch with Activity Tracker Compatible with All 3G/4G/5G Android & iOS Smartphones...;tv, audio & cameras;https://m.media-amazon.com/images/I/612q8kFrphL._AC_UL320_.jpg;2.9;86;27.49;10.11
i8 Pro Max Touch Screen Bluetooth Smartwatch with Activity Tracker Compatible with All 3G/4G/5G Android & iOS Smartphones...;tv, audio & cameras;https://m.media-amazon.com/images/I/61yzGwnAzbL._AC_UL320_.jpg;2.9;63;32.99;7.03
"IKALL K470 6.26"" HD+ Display Smartphone (Dual Sim, 4G) (4GB RAM, 13MP Rear Camera) (Sky Blue)";tv, audio & cameras;https://m.media-amazon.com/images/I/51y3K7IklOL._AC_UL320_.jpg;2.6;13;98.99;65.44
ikis 2 pcs Portable Mini USB Dragon Fan with 2 Leaf Connect with Laptop, Smartphone, Powerbank, USB Adapter/Hub (Multicolour);tv, audio & cameras;https://m.media-amazon.com/images/I/31mNU3HH+JS._AC_UL320_.jpg;3.6;367;4.57;1.64
Irusu Monster VR Headset with Remote Controller and Conductive Touch Button for VR Supported Smartphones(New Model) (Black);tv, audio & cameras;https://m.media-amazon.com/images/I/61-tgcn-R3L._AC_UL320_.jpg;3.4;2531;0.35;21.96
JioFi Jio Phone Next 32 GB ROM, 2 GB RAM, Blue, Smartphone;tv, audio & cameras;https://m.media-amazon.com/images/I/31SPNGm46lL._AC_UL320_.jpg;3.6;361;80.29;49.49
JioFi Next 32 GB, 2 GB RAM, Blue Smartphone;tv, audio & cameras;https://m.media-amazon.com/images/I/61qacJf-mbL._AC_UL320_.jpg;3.6;923;80.29;49.49
Lapster efficient 3-in-1 Cleaning Kit for PC, laptops, LCD TV, Monitor,Camera, Smartphone, Lens, Tablet.(100ML);tv, audio & cameras;https://m.media-amazon.com/images/I/41vAfZzxEhL._AC_UL320_.jpg;4.1;1034;10.99;2.52
LIRAMARK Type c Female to Micro USB Male Adapter, Converter USB C to Micro USB, Charger Connector Works with Smartphones, ...;tv, audio & cameras;https://m.media-amazon.com/images/I/41MvZJAZuZL._AC_UL320_.jpg;4.0;119;1.64;1.14
MI Type B/Micro USB 120cm fast Charging cable|480mbps support|Suitable for all Smartphones,tablet and accessories with typ...;tv, audio & cameras;https://m.media-amazon.com/images/I/61Mx3gDrY7L._AC_UL320_.jpg;4.2;36509;3.29;2.52
Mi Type C 3Amp 100cm Fast Charge Cable Black|USB to Type C|Supports Upto 22.5W Fast Charging|Suitable for All Smartphones,...;tv, audio & cameras;https://m.media-amazon.com/images/I/71xuP3mbiRL._AC_UL320_.jpg;4.3;31112;3.29;2.52
MO-GRIP Tabletop Finger Grip Selfie Holder & Mobile Stand for iPhones & Android Smartphones - Black;tv, audio & cameras;https://m.media-amazon.com/images/I/71eYeg8RDtL._AC_UL320_.jpg;4.1;240;5.49;3.08
Mongoora Universal Air Vent Car Phone Mount Holder - Updated Version for Any Smartphone - Car Cell Phone Holder - Vent Pho...;tv, audio & cameras;https://m.media-amazon.com/images/I/71Li0RlmmmL._AC_UL320_.jpg;4.0;5061;0.15;5.49
Motorola 15 W Single Port Wall Charger For Smartphones, Tablets, Digital Cameras With Usb Type C Cable - Black;tv, audio & cameras;https://m.media-amazon.com/images/I/41d8UAsBDtL._AC_UL320_.jpg;4.0;860;24.19;8.14
NISUN Webcam Cover Slider,Ultra Thin Laptop Camera Cover Slider Blocker Compatible for Notebook Laptop PC & Smartphone Mob...;tv, audio & cameras;https://m.media-amazon.com/images/I/61H+t75D5-L._AC_UL320_.jpg;4.0;144;14.29;3.29
NOCXTUN 360 Degree Rotation Mini Tripod Support Stand for DSLR and Smartphones - Foldable Shockproof Lightweight Bracket f...;tv, audio & cameras;https://m.media-amazon.com/images/I/61Gvh796CgL._AC_UL320_.jpg;3.9;3;8.79;1.09
Nokia G11 Android 12 Smartphone, Dual SIM, 3-Day Battery Life, 4GB RAM + 64GB Storage, 50MP Dual AI Camera | Charcoal Grey;tv, audio & cameras;https://m.media-amazon.com/images/I/81vTfUYVyUL._AC_UL320_.jpg;3.9;121;153.99;109.99
Nokia G11 Android 12 Smartphone, Dual SIM, 3-Day Battery Life, 4GB RAM + 64GB Storage, 50MP Dual AI Camera | Lake Blue;tv, audio & cameras;https://m.media-amazon.com/images/I/8191B-uQeHL._AC_UL320_.jpg;3.9;121;153.99;109.99
Nokia G21 Android Smartphone, Dual SIM, 3-Day Battery Life, 6GB RAM + 128GB Storage, 50MP Triple AI Camera | Dusk;tv, audio & cameras;https://m.media-amazon.com/images/I/81Kw+3Gy4VL._AC_UL320_.jpg;4.0;3521;186.99;147.39
Nokia G21 Android Smartphone, Dual SIM, 3-Day Battery Life, 6GB RAM + 128GB Storage, 50MP Triple AI Camera | Nordic Blue;tv, audio & cameras;https://m.media-amazon.com/images/I/71x+m2-yb7L._AC_UL320_.jpg;4.0;3521;186.99;147.39
OnePlus 2 in 1 Type C and Micro OTG Male to USB A 3.0 Female High Speed Data Transfer for Laptop Mobiles Tablet Smartphone...;tv, audio & cameras;https://m.media-amazon.com/images/I/31rDi2KmO2L._AC_UL320_.jpg;4.1;1075;10.99;2.19
OnePlus OTG Cable OTG Adapter USB 3.0 Compatible with All C Type Supported Mobile Smartphone and Other Devices (White & Red);tv, audio & cameras;https://m.media-amazon.com/images/I/31QSXr++MOS._AC_UL320_.jpg;4.0;13;10.99;2.08
OnePlus USB 3.0 to USB Type C OTG Cable Male-Female Adapter Compatible with All C Type Supported Mobile Smartphone and Oth...;tv, audio & cameras;https://m.media-amazon.com/images/I/31JJT-yLjmL._AC_UL320_.jpg;3.5;3;10.99;1.64
OnePlus Warp Charge Type-C To Type-C Cable 100Cm, Compatible With Smartphone, Red,White;tv, audio & cameras;https://m.media-amazon.com/images/I/21k50eE8I2L._AC_UL320_.jpg;4.0;196;9.34;2.19
Original 25W Charger Super Fast Charging Charger Adapter Smartphone Charger Compatible for Samsung Galaxy S21/S21+/S21 Ult...;tv, audio & cameras;https://m.media-amazon.com/images/I/21Ir9GJdOEL._AC_UL320_.jpg;4.4;87;16.49;9.30
Osaka OS 550 Tripod 55 Inches (140 cm) with Mobile Holder and Carry Case for Smartphone & DSLR Camera Portable Lightweight...;tv, audio & cameras;https://m.media-amazon.com/images/I/61MIObPPyeL._AC_UL320_.jpg;4.4;4109;2.48;9.89
OTOROYS Metal CNC Bike Mount Holder Navigation 360 Degree Rotation Mirror Cradle for All Smartphones Bicycle, Motorcycle, ...;tv, audio & cameras;https://m.media-amazon.com/images/I/61uqm075BvL._AC_UL320_.jpg;3.5;380;3.84;2.92
OTOROYS Version 2 X-Grip Universal Bike Mobile Holder with USB Charger 360 Degree Rotation for All Smartphone, Navigation,...;tv, audio & cameras;https://m.media-amazon.com/images/I/71bZrleC53L._AC_UL320_.jpg;3.5;380;21.99;3.25
Photron 13 inches Flexible GorillaPod Octopod Tripod with Mobile Holder Attachment & 360 Degree Ball Head for Smartphones,...;tv, audio & cameras;https://m.media-amazon.com/images/I/71ab8hPnAFL._AC_UL320_.jpg;3.8;8781;8.25;3.95
Portable LED Ring Selfie Light for All Smartphones, Tablets Enhancing Ring Light with 3 Level of Brightness for Photograph...;tv, audio & cameras;https://m.media-amazon.com/images/I/31l1nb1g-rS._AC_UL320_.jpg;3.4;94;5.05;1.79
Portronics AUTO 12 in-Car Bluetooth Receiver for Handsfree Calling, Music System, Supports All Smartphones (Black);tv, audio & cameras;https://m.media-amazon.com/images/I/51Ioc0bbHqL._AC_UL320_.jpg;4.3;18013;16.49;5.72
Portronics AUTO 17 in-Car Bluetooth Receiver for Handsfree Calling, Music System, Supports All Smartphones (Black);tv, audio & cameras;https://m.media-amazon.com/images/I/51ks95M3eyL._AC_UL320_.jpg;3.7;1556;16.49;6.04
Portronics Clean M Multifunctional 8-in-1 Gadget Cleaning Kit with Mobile Holder for Smartphone, Tablet, Laptop, Earbuds(W...;tv, audio & cameras;https://m.media-amazon.com/images/I/514M-7zz0CL._AC_UL320_.jpg;5.0;7;9.16;5.49
Portronics Konnect A Trio 3-In-1 Multifunctional Cable For Micro Usb For Ios And Type C Mobile Phones, Smartphone, Tablet,...;tv, audio & cameras;https://m.media-amazon.com/images/I/51-n51+ynbL._AC_UL320_.jpg;3.7;390;9.89;2.24
Portronics POR 343 UFO USB Home Charger 6 Ports 8A Charging Station for Smartphones and Tablets - White;tv, audio & cameras;https://m.media-amazon.com/images/I/5104paTwzML._AC_UL320_.jpg;4.0;6285;14.29;5.76
pTron Bullet Pro 36W PD Quick Charger, 3 Port Fast Car Charger Adapter - Compatible with All Smartphones & Tablets (Black);tv, audio & cameras;https://m.media-amazon.com/images/I/61aBH+cXL2L._AC_UL320_.jpg;4.0;15889;14.29;3.84
PULOKA Universal Leather Mobile Pouch with Belt Loop and Clip | Multipurpose Leather Pouch for All Smartphones Upto 6.5 in...;tv, audio & cameras;https://m.media-amazon.com/images/I/71UYC6+e-UL._AC_UL320_.jpg;3.6;370;17.59;8.87
PULOKA Universal Leather Mobile Pouch with Belt Loop and Clip | Multipurpose Leather Pouch for All Smartphones Upto 6.5 in...;tv, audio & cameras;https://m.media-amazon.com/images/I/813Z6VBNTrL._AC_UL320_.jpg;3.6;370;32.99;8.87
QOCXRRIN 360 Degree Rotation Mini Tripod Support Stand for DSLR and Smartphones - Foldable Shockproof Lightweight Bracket ...;tv, audio & cameras;https://m.media-amazon.com/images/I/61c+d6zzQOL._AC_UL320_.jpg;3.0;97;10.99;1.09
Rhymestore 360 Degree Universal Mobile Cellphone Stand car Accessories Smartphone Holder Phone Mount Phone Holder;tv, audio & cameras;https://m.media-amazon.com/images/I/41loRCcOb8L._AC_UL320_.jpg;4.0;10;4.39;3.03
Rode SC7 3.5mm TRS to TRSS Patch Cable For Tablet, Smartphone (Red, Black, Grey);tv, audio & cameras;https://m.media-amazon.com/images/I/61ki58yDM8L._AC_UL320_.jpg;4.4;5609;1.35;1.27
Samsung Original Type C to C Cable - 3.28 Feet (1 Meter) Compatible with Smartphone,White;tv, audio & cameras;https://m.media-amazon.com/images/I/51ga1DANA8L._AC_UL320_.jpg;4.2;442;6.59;13.18
SanDisk Extreme microSD UHS I Card 128GB for 4K Video on Smartphones,Action Cams 190MB/s Read,90MB/s Write;tv, audio & cameras;https://m.media-amazon.com/images/I/815cRpgAN3L._AC_UL320_.jpg;4.5;21982;0.32;13.18
SanDisk Extreme microSD UHS I Card 256GB for 4K Video on Smartphones,Action Cams,Drones 190MB/s Read,130MB/s Write;tv, audio & cameras;https://m.media-amazon.com/images/I/81o+KgHuhxL._AC_UL320_.jpg;4.6;409;0.62;28.48
SanDisk Extreme microSD UHS I Card 512GB for 4K Video on Smartphones,Action Cams,Drones 190MB/s Read,130MB/s Write;tv, audio & cameras;https://m.media-amazon.com/images/I/81ZBMVgCiLL._AC_UL320_.jpg;4.3;201;0.13;45.17
SanDisk Extreme microSD UHS I Card 64GB for 4K Video on Smartphones,Action Cams 170MB/s Read,80MB/s Write;tv, audio & cameras;https://m.media-amazon.com/images/I/819TlwWzDvL._AC_UL320_.jpg;4.4;288;0.18;7.14
SanDisk Extreme Pro microSD UHS I Card 128GB for 4K Video on Smartphones,Action Cams,Drones 200MB/s Read, 90MB/s Write;tv, audio & cameras;https://m.media-amazon.com/images/I/61o8OmUS-iL._AC_UL320_.jpg;4.5;21982;0.43;17.80
SanDisk Extreme Pro microSD UHS I Card 256GB for 4K Video on Smartphones,Action Cams,Drones 200MB/s Read, 140MB/s Write;tv, audio & cameras;https://m.media-amazon.com/images/I/615YdkNEs1L._AC_UL320_.jpg;4.5;21982;0.78;32.43
SanDisk Extreme Pro microSD UHS I Card 512GB for 4K Video on Smartphones,Action Cams,Drones 200MB/s Read, 140MB/s Write;tv, audio & cameras;https://m.media-amazon.com/images/I/51ecD4M2bLL._AC_UL320_.jpg;4.5;21982;0.17;65.87
SanDisk Extreme Pro microSD UHS I Card 64GB for 4K Video on Smartphones,Action Cams,Drones 200MB/s Read, 90MB/s Write;tv, audio & cameras;https://m.media-amazon.com/images/I/61JklAbgXNL._AC_UL320_.jpg;4.5;21982;0.23;10.33
SanDisk Extreme uSD,160MB/s R, 90MB/s W,C10,UHS,U3,V30,A2, 128GB, for 4K Video on Smartphones, Action Cams & Drones;tv, audio & cameras;https://m.media-amazon.com/images/I/81pngNVLPhL._AC_UL320_.jpg;4.5;21982;31.89;18.47
SanDisk Ultra® microSDXC™ UHS-I Card, 128GB, 140MB/s R, 10 Y Warranty, for Smartphones;tv, audio & cameras;https://m.media-amazon.com/images/I/71jsEFJtRRL._AC_UL320_.jpg;4.4;71768;0.20;9.55
SanDisk Ultra® microSDXC™ UHS-I Card, 256GB, 150MB/s R, 10 Y Warranty, for Smartphones;tv, audio & cameras;https://m.media-amazon.com/images/I/517FFZjpVbL._AC_UL320_.jpg;4.4;71768;0.39;18.25
SanDisk Ultra® microSDXC™ UHS-I Card, 512GB, 150MB/s R, 10 Y Warranty, for Smartphones;tv, audio & cameras;https://m.media-amazon.com/images/I/81NoPCOJh+L._AC_UL320_.jpg;4.4;71768;0.79;36.39
SanDisk Ultra® microSDXC™ UHS-I Card, 64GB, 140MB/s R, 10 Y Warranty, for Smartphones;tv, audio & cameras;https://m.media-amazon.com/images/I/7180ZAZmERL._AC_UL320_.jpg;4.4;71768;0.01;5.37
Screen Magnifier for Smartphone – Mobile Phone 3D HD Magnifier Screen Expanders for Movies, Videos, and Gaming – Foldable ...;tv, audio & cameras;https://m.media-amazon.com/images/I/71M0JpeqdpL._AC_UL320_.jpg;2.4;113;10.99;1.86
SD CASS® Hanging Car Rear View Mirror Mobile Phone Holder Mount Stand 360 Degree RotationalCompatible with All Smartphones;tv, audio & cameras;https://m.media-amazon.com/images/I/41M-lDVt5kL._AC_UL320_.jpg;5.0;8;10.99;5.49
SKYVIK Signi Pro 2 in 1 (Wide+Macro) Clip on Mobile Camera Lens Kit for iPhone, Samsung and Other Smartphones.;tv, audio & cameras;https://m.media-amazon.com/images/I/81V6zqNfhYL._AC_UL320_.jpg;3.8;3530;32.99;22.76
Slovic Cell Phone Armband | Adjustable Band fits All iPhone and Android Smartphones | Waterproof & Anti-Sweat Fabric | Cha...;tv, audio & cameras;https://m.media-amazon.com/images/I/816wBQG-J+L._AC_UL320_.jpg;4.0;198;0.01;6.04
SLOVIC® Tripod Mount Adapter| Tripod Mobile Holder|Tripod Phone Mount(Made in India)| Smartphone Clip Clipper 360 Degree f...;tv, audio & cameras;https://m.media-amazon.com/images/I/81XZ3Dl5kUL._AC_UL320_.jpg;4.4;10963;8.79;3.59
Sounce 38W Car Charger Type-C 20W PD & 18W 3.0 Qualcomm Certified Dual USB Car Charger Compatible with All Smartphones & T...;tv, audio & cameras;https://m.media-amazon.com/images/I/61d3SWjNNFL._AC_UL320_.jpg;4.1;33;10.99;3.29
Sounce New Version Screen Expanders & Screen Magnifier Amplifier,3D HD New Phone Holder for Smartphones- with 1 Year Repla...;tv, audio & cameras;https://m.media-amazon.com/images/I/71M0JpeqdpL._AC_UL320_.jpg;3.3;2004;10.99;4.17
Sounce USB 3.0 to Type-C OTG Cable Male-Female Adapter Compatible with All C Type Supported Mobile Smartphone and Other De...;tv, audio & cameras;https://m.media-amazon.com/images/I/410J9tugkeL._AC_UL320_.jpg;4.0;6070;5.49;1.42
Sounce Waterproof New Bike Phone Mount Anti Shake and Stable 360‚° Rotation Bike Bicycles Accessories for Any Smartphone G...;tv, audio & cameras;https://m.media-amazon.com/images/I/51DeOxvpFcL._AC_UL320_.jpg;3.9;1851;10.99;3.29
Spigen QS11 Quad Car Phone Holder Magnetic Air Vent Phone Holder | QNMP Compatible with Most Smartphones - Black;tv, audio & cameras;https://m.media-amazon.com/images/I/61BdKkghdpL._AC_UL320_.jpg;4.3;7293;12.09;9.89
Storite Professional 2 in 1 Screen Cleaning Kit for Laptops, Camera, Lens, TV, Monitor, Smartphone, Tablet (Includes: Clea...;tv, audio & cameras;https://m.media-amazon.com/images/I/81rHHvLsJML._AC_UL320_.jpg;4.4;3545;10.99;4.39
STRIFF Wall Mount Phone Holder with Adhesive Strips, Charging Holder Compatible with iPhone, Smartphone and Mini Tablet(Pa...;tv, audio & cameras;https://m.media-amazon.com/images/I/51y4R9DDkkL._AC_UL320_.jpg;4.1;9658;5.49;1.64
STRIFF Wall Mount Phone Holder with Adhesive Strips, Charging Holder Compatible with iPhone, Smartphone and Mini Tablet(Pa...;tv, audio & cameras;https://m.media-amazon.com/images/I/51y4R9DDkkL._AC_UL320_.jpg;4.1;9658;6.59;5.49
Strontium Nitro A1 128GB Micro SDXC Memory Card 100MB/s A1 UHS-I U3 Class 10 with High Speed Adapter for Smartphones Table...;tv, audio & cameras;https://m.media-amazon.com/images/I/619QYgwMwDL._AC_UL320_.jpg;4.2;21581;20.89;14.25
Strontium Nitro A1 64GB Micro SDXC Memory Card 100MB/s A1 UHS-I U3 Class 10 with High Speed Adapter for Smartphones Tablet...;tv, audio & cameras;https://m.media-amazon.com/images/I/611kG+NIBzL._AC_UL320_.jpg;4.2;21581;14.29;7.98
Syvo S-410 (52 inch) Tripod for Smartphones & Cameras with Mobile Holder and Carry Bag, Load Capacity-3 Kg, Lightweight & ...;tv, audio & cameras;https://m.media-amazon.com/images/I/615qUTJVb8L._AC_UL320_.jpg;4.3;28644;27.49;8.24
TECHONTO 360° Degree Cell Phone Holder with Adjustable Clamp Phone Tripod Mount Adapter Compatible with Smartphones & All ...;tv, audio & cameras;https://m.media-amazon.com/images/I/61ny+rqFQYL._AC_UL320_.jpg;4.3;2241;7.69;2.15
Telescope Adjustable Phone Scope Mount:Cellphone Telescope Adapter Mount, Compatible with Smartphone Adapter Mount for Mon...;tv, audio & cameras;https://m.media-amazon.com/images/I/61a8wkKkVkL._AC_UL320_.jpg;4.1;12;10.99;5.37
Tukzer Gizga 2-in-1 Professional Screen Cleaning Kit (500ML) for Camera, Lens, Binocular, Laptop, TV, Monitor, Smartphone,...;tv, audio & cameras;https://m.media-amazon.com/images/I/71TXZFWI-NL._AC_UL320_.jpg;4.5;190;7.69;6.26
UN1QUE PH03 Car Mobile Holder AC Vent Car Mount, Auto Locking Stylish Design Compatible with All Smartphones, Car Phone Ho...;tv, audio & cameras;https://m.media-amazon.com/images/I/61J2GBXFfuL._AC_UL320_.jpg;5.0;3;32.99;5.49
URBN Type-C USB 3.4 Amp | 25W Fast Charging Cable for Smartphone | Unbreakable Rugged & Nylon Braided | Quick Charge (QC) ...;tv, audio & cameras;https://m.media-amazon.com/images/I/71bHRk8pBYL._AC_UL320_.jpg;4.0;291;6.59;1.09
URBN Type-C USB 3.4 Amp | 25W Fast Charging Cable for Smartphone | Unbreakable Rugged & Nylon Braided | Quick Charge (QC) ...;tv, audio & cameras;https://m.media-amazon.com/images/I/71i+JuSSZUL._AC_UL320_.jpg;4.0;291;6.59;1.09
VAGMI 6 IN 1 Plastic Military Pen with Compass, Torch, Tools, Phone Stand And Stylus for Smartphones , Multicolour.;tv, audio & cameras;https://m.media-amazon.com/images/I/31ygQo4H42S._AC_UL320_.jpg;3.6;1361;9.56;2.18
VKB 7.5 Foot Professional Metal Tripod Stand for Mobile, Smartphone, Camera, Ringlight, Video Shooting, Photography, Live ...;tv, audio & cameras;https://m.media-amazon.com/images/I/51mJIp+14WL._AC_UL320_.jpg;3.8;206;21.99;5.49
VKB Tripod Mount Adapter| Tripod Mobile Holder|Tripod Phone Mount| Smartphone Clip Clipper 360 Degree for Taking Magic Vid...;tv, audio & cameras;https://m.media-amazon.com/images/I/319GGyv8AbL._AC_UL320_.jpg;3.8;181;10.99;2.17
Wayona Usb Type C To Usb Nylon Braided Quick Charger Fast Charging Short Cable For Smartphone (Samsung Galaxy S21/S20/S10/...;tv, audio & cameras;https://m.media-amazon.com/images/I/61rT7AkMeNL._AC_UL320_.jpg;4.3;6431;10.99;3.40
WeCool G1 Gimbal for Smartphone with Wireless Remote, Extendable Bluetooth Selfie Stick and Tripod, Auto Balance for Vlog ...;tv, audio & cameras;https://m.media-amazon.com/images/I/61qohSkx07L._AC_UL320_.jpg;3.7;1093;76.99;29.69
Wecool Nylon Braided Multifunction Fast Charging Cable For Android Smartphone, Ios And Type C Usb Devices, 3 In 1 Charging...;tv, audio & cameras;https://m.media-amazon.com/images/I/61FUzup4yAL._AC_UL320_.jpg;3.3;9648;10.99;3.84
XE610 Boom Bass Wired in-Ear Headphones Compatible with Especially All Vivo Smartphones (White) (White) (Vivo Original Sound);tv, audio & cameras;https://m.media-amazon.com/images/I/41BYxU4FGkL._AC_UL320_.jpg;3.6;2021;4.94;4.39
XGMO®360 Degree Car Rear View Mirror Mobile Phone Holder Mount Stand Compatible with All Smartphones;tv, audio & cameras;https://m.media-amazon.com/images/I/41pelkpLK3L._AC_UL320_.jpg;5.0;4;10.99;4.39
Xiaomi 11 Lite NE 5G (Jazz Blue 8GB RAM 128 GB Storage) | Slimmest (6.81mm) & Lightest (158g) 5G Smartphone | 10-bit AMOLE...;tv, audio & cameras;https://m.media-amazon.com/images/I/71XmlboxNZL._AC_UL320_.jpg;4.0;25175;373.99;285.99
Xifo LYF Earth 1 (3GB RAM, 32GB Storage) 4G Smartphone in White Colour;tv, audio & cameras;https://m.media-amazon.com/images/I/71BfQPObXYL._AC_UL320_.jpg;2.6;30;2.84;46.19